JRV,ORIGEN,CANDIDATO_RUBRO,VOTOS
35,ESCRUTINIO,DC,0
35,ESCRUTINIO,PINU,6
35,ESCRUTINIO,P. LIBERAL,101
35,ESCRUTINIO,LIBRE,54
35,ESCRUTINIO,P. NACIONAL,57
35,ESCRUTINIO,VOTOS BLANCOS,0
35,ESCRUTINIO,VOTOS NULOS,0
35,ESCRUTINIO,GRAN TOTAL,218
35,TREP,DC,0
35,TREP,PINU,6
35,TREP,P. LIBERAL,101
35,TREP,LIBRE,54
35,TREP,P. NACIONAL,57
35,TREP,VOTOS BLANCOS,0
35,TREP,VOTOS NULOS,0
35,TREP,GRAN TOTAL,218
38,ESCRUTINIO,DC,3
38,ESCRUTINIO,PINU,3
38,ESCRUTINIO,P. LIBERAL,97
38,ESCRUTINIO,LIBRE,32
38,ESCRUTINIO,P. NACIONAL,54
38,ESCRUTINIO,VOTOS BLANCOS,3
38,ESCRUTINIO,VOTOS NULOS,2
38,ESCRUTINIO,GRAN TOTAL,194
38,TREP,DC,3
38,TREP,PINU,3
38,TREP,P. LIBERAL,97
38,TREP,LIBRE,32
38,TREP,P. NACIONAL,54
38,TREP,VOTOS BLANCOS,3
38,TREP,VOTOS NULOS,2
38,TREP,GRAN TOTAL,194
39,ESCRUTINIO,DC,0
39,ESCRUTINIO,PINU,3
39,ESCRUTINIO,P. LIBERAL,116
39,ESCRUTINIO,LIBRE,33
39,ESCRUTINIO,P. NACIONAL,47
39,ESCRUTINIO,VOTOS BLANCOS,1
39,ESCRUTINIO,VOTOS NULOS,3
39,ESCRUTINIO,GRAN TOTAL,203
39,TREP,DC,0
39,TREP,PINU,3
39,TREP,P. LIBERAL,116
39,TREP,LIBRE,33
39,TREP,P. NACIONAL,47
39,TREP,VOTOS BLANCOS,1
39,TREP,VOTOS NULOS,3
39,TREP,GRAN TOTAL,203
40,ESCRUTINIO,DC,1
40,ESCRUTINIO,PINU,1
40,ESCRUTINIO,P. LIBERAL,97
40,ESCRUTINIO,LIBRE,24
40,ESCRUTINIO,P. NACIONAL,60
40,ESCRUTINIO,VOTOS BLANCOS,0
40,ESCRUTINIO,VOTOS NULOS,2
40,ESCRUTINIO,GRAN TOTAL,185
40,TREP,DC,1
40,TREP,PINU,1
40,TREP,P. LIBERAL,97
40,TREP,LIBRE,24
40,TREP,P. NACIONAL,60
40,TREP,VOTOS BLANCOS,0
40,TREP,VOTOS NULOS,2
40,TREP,GRAN TOTAL,185
41,ESCRUTINIO,DC,1
41,ESCRUTINIO,PINU,4
41,ESCRUTINIO,P. LIBERAL,118
41,ESCRUTINIO,LIBRE,33
41,ESCRUTINIO,P. NACIONAL,46
41,ESCRUTINIO,VOTOS BLANCOS,1
41,ESCRUTINIO,VOTOS NULOS,1
41,ESCRUTINIO,GRAN TOTAL,204
41,TREP,DC,1
41,TREP,PINU,4
41,TREP,P. LIBERAL,118
41,TREP,LIBRE,33
41,TREP,P. NACIONAL,46
41,TREP,VOTOS BLANCOS,1
41,TREP,VOTOS NULOS,1
41,TREP,GRAN TOTAL,204
240,ESCRUTINIO,DC,0
240,ESCRUTINIO,PINU,3
240,ESCRUTINIO,P. LIBERAL,115
240,ESCRUTINIO,LIBRE,33
240,ESCRUTINIO,P. NACIONAL,41
240,ESCRUTINIO,VOTOS BLANCOS,2
240,ESCRUTINIO,VOTOS NULOS,3
240,ESCRUTINIO,GRAN TOTAL,197
240,TREP,DC,0
240,TREP,PINU,3
240,TREP,P. LIBERAL,115
240,TREP,LIBRE,33
240,TREP,P. NACIONAL,41
240,TREP,VOTOS BLANCOS,2
240,TREP,VOTOS NULOS,3
240,TREP,GRAN TOTAL,197
380,ESCRUTINIO,DC,2
380,ESCRUTINIO,PINU,2
380,ESCRUTINIO,P. LIBERAL,87
380,ESCRUTINIO,LIBRE,33
380,ESCRUTINIO,P. NACIONAL,67
380,ESCRUTINIO,VOTOS BLANCOS,2
380,ESCRUTINIO,VOTOS NULOS,5
380,ESCRUTINIO,GRAN TOTAL,198
380,TREP,DC,2
380,TREP,PINU,2
380,TREP,P. LIBERAL,87
380,TREP,LIBRE,33
380,TREP,P. NACIONAL,67
380,TREP,VOTOS BLANCOS,2
380,TREP,VOTOS NULOS,5
380,TREP,GRAN TOTAL,198
391,ESCRUTINIO,DC,0
391,ESCRUTINIO,PINU,0
391,ESCRUTINIO,P. LIBERAL,111
391,ESCRUTINIO,LIBRE,36
391,ESCRUTINIO,P. NACIONAL,49
391,ESCRUTINIO,VOTOS BLANCOS,2
391,ESCRUTINIO,VOTOS NULOS,6
391,ESCRUTINIO,GRAN TOTAL,204
391,TREP,DC,0
391,TREP,PINU,0
391,TREP,P. LIBERAL,111
391,TREP,LIBRE,36
391,TREP,P. NACIONAL,49
391,TREP,VOTOS BLANCOS,2
391,TREP,VOTOS NULOS,6
391,TREP,GRAN TOTAL,204
443,ESCRUTINIO,DC,0
443,ESCRUTINIO,PINU,1
443,ESCRUTINIO,P. LIBERAL,124
443,ESCRUTINIO,LIBRE,22
443,ESCRUTINIO,P. NACIONAL,55
443,ESCRUTINIO,VOTOS BLANCOS,1
443,ESCRUTINIO,VOTOS NULOS,6
443,ESCRUTINIO,GRAN TOTAL,209
443,TREP,DC,0
443,TREP,PINU,1
443,TREP,P. LIBERAL,124
443,TREP,LIBRE,22
443,TREP,P. NACIONAL,55
443,TREP,VOTOS BLANCOS,1
443,TREP,VOTOS NULOS,6
443,TREP,GRAN TOTAL,209
941,ESCRUTINIO,DC,0
941,ESCRUTINIO,PINU,0
941,ESCRUTINIO,P. LIBERAL,54
941,ESCRUTINIO,LIBRE,34
941,ESCRUTINIO,P. NACIONAL,80
941,ESCRUTINIO,VOTOS BLANCOS,4
941,ESCRUTINIO,VOTOS NULOS,2
941,ESCRUTINIO,GRAN TOTAL,174
941,TREP,DC,0
941,TREP,PINU,0
941,TREP,P. LIBERAL,54
941,TREP,LIBRE,34
941,TREP,P. NACIONAL,80
941,TREP,VOTOS BLANCOS,4
941,TREP,VOTOS NULOS,2
941,TREP,GRAN TOTAL,174
958,ESCRUTINIO,DC,0
958,ESCRUTINIO,PINU,2
958,ESCRUTINIO,P. LIBERAL,63
958,ESCRUTINIO,LIBRE,50
958,ESCRUTINIO,P. NACIONAL,60
958,ESCRUTINIO,VOTOS BLANCOS,2
958,ESCRUTINIO,VOTOS NULOS,5
958,ESCRUTINIO,GRAN TOTAL,182
958,TREP,DC,0
958,TREP,PINU,2
958,TREP,P. LIBERAL,63
958,TREP,LIBRE,50
958,TREP,P. NACIONAL,60
958,TREP,VOTOS BLANCOS,2
958,TREP,VOTOS NULOS,5
958,TREP,GRAN TOTAL,182
1419,ESCRUTINIO,DC,0
1419,ESCRUTINIO,PINU,3
1419,ESCRUTINIO,P. LIBERAL,103
1419,ESCRUTINIO,LIBRE,30
1419,ESCRUTINIO,P. NACIONAL,57
1419,ESCRUTINIO,VOTOS BLANCOS,0
1419,ESCRUTINIO,VOTOS NULOS,2
1419,ESCRUTINIO,GRAN TOTAL,195
1419,TREP,DC,0
1419,TREP,PINU,3
1419,TREP,P. LIBERAL,103
1419,TREP,LIBRE,30
1419,TREP,P. NACIONAL,57
1419,TREP,VOTOS BLANCOS,0
1419,TREP,VOTOS NULOS,2
1419,TREP,GRAN TOTAL,195
1422,ESCRUTINIO,DC,0
1422,ESCRUTINIO,PINU,2
1422,ESCRUTINIO,P. LIBERAL,93
1422,ESCRUTINIO,LIBRE,47
1422,ESCRUTINIO,P. NACIONAL,51
1422,ESCRUTINIO,VOTOS BLANCOS,1
1422,ESCRUTINIO,VOTOS NULOS,1
1422,ESCRUTINIO,GRAN TOTAL,195
1422,TREP,DC,0
1422,TREP,PINU,2
1422,TREP,P. LIBERAL,93
1422,TREP,LIBRE,47
1422,TREP,P. NACIONAL,51
1422,TREP,VOTOS BLANCOS,1
1422,TREP,VOTOS NULOS,1
1422,TREP,GRAN TOTAL,195
1520,ESCRUTINIO,DC,0
1520,ESCRUTINIO,PINU,0
1520,ESCRUTINIO,P. LIBERAL,125
1520,ESCRUTINIO,LIBRE,40
1520,ESCRUTINIO,P. NACIONAL,39
1520,ESCRUTINIO,VOTOS BLANCOS,2
1520,ESCRUTINIO,VOTOS NULOS,5
1520,ESCRUTINIO,GRAN TOTAL,211
1520,TREP,DC,0
1520,TREP,PINU,0
1520,TREP,P. LIBERAL,125
1520,TREP,LIBRE,40
1520,TREP,P. NACIONAL,39
1520,TREP,VOTOS BLANCOS,2
1520,TREP,VOTOS NULOS,5
1520,TREP,GRAN TOTAL,211
2407,ESCRUTINIO,DC,0
2407,ESCRUTINIO,PINU,1
2407,ESCRUTINIO,P. LIBERAL,96
2407,ESCRUTINIO,LIBRE,19
2407,ESCRUTINIO,P. NACIONAL,77
2407,ESCRUTINIO,VOTOS BLANCOS,0
2407,ESCRUTINIO,VOTOS NULOS,5
2407,ESCRUTINIO,GRAN TOTAL,198
2407,TREP,DC,0
2407,TREP,PINU,1
2407,TREP,P. LIBERAL,96
2407,TREP,LIBRE,19
2407,TREP,P. NACIONAL,77
2407,TREP,VOTOS BLANCOS,0
2407,TREP,VOTOS NULOS,5
2407,TREP,GRAN TOTAL,198
3046,ESCRUTINIO,DC,1
3046,ESCRUTINIO,PINU,0
3046,ESCRUTINIO,P. LIBERAL,94
3046,ESCRUTINIO,LIBRE,29
3046,ESCRUTINIO,P. NACIONAL,60
3046,ESCRUTINIO,VOTOS BLANCOS,3
3046,ESCRUTINIO,VOTOS NULOS,10
3046,ESCRUTINIO,GRAN TOTAL,197
3046,TREP,DC,1
3046,TREP,PINU,0
3046,TREP,P. LIBERAL,94
3046,TREP,LIBRE,29
3046,TREP,P. NACIONAL,60
3046,TREP,VOTOS BLANCOS,3
3046,TREP,VOTOS NULOS,10
3046,TREP,GRAN TOTAL,197
3459,ESCRUTINIO,DC,0
3459,ESCRUTINIO,PINU,0
3459,ESCRUTINIO,P. LIBERAL,115
3459,ESCRUTINIO,LIBRE,20
3459,ESCRUTINIO,P. NACIONAL,61
3459,ESCRUTINIO,VOTOS BLANCOS,4
3459,ESCRUTINIO,VOTOS NULOS,5
3459,ESCRUTINIO,GRAN TOTAL,205
3459,TREP,DC,0
3459,TREP,PINU,0
3459,TREP,P. LIBERAL,115
3459,TREP,LIBRE,20
3459,TREP,P. NACIONAL,61
3459,TREP,VOTOS BLANCOS,4
3459,TREP,VOTOS NULOS,5
3459,TREP,GRAN TOTAL,205
3736,ESCRUTINIO,DC,0
3736,ESCRUTINIO,PINU,5
3736,ESCRUTINIO,P. LIBERAL,142
3736,ESCRUTINIO,LIBRE,22
3736,ESCRUTINIO,P. NACIONAL,58
3736,ESCRUTINIO,VOTOS BLANCOS,0
3736,ESCRUTINIO,VOTOS NULOS,2
3736,ESCRUTINIO,GRAN TOTAL,229
3736,TREP,DC,0
3736,TREP,PINU,5
3736,TREP,P. LIBERAL,142
3736,TREP,LIBRE,22
3736,TREP,P. NACIONAL,58
3736,TREP,VOTOS BLANCOS,0
3736,TREP,VOTOS NULOS,2
3736,TREP,GRAN TOTAL,229
3747,ESCRUTINIO,DC,0
3747,ESCRUTINIO,PINU,4
3747,ESCRUTINIO,P. LIBERAL,142
3747,ESCRUTINIO,LIBRE,19
3747,ESCRUTINIO,P. NACIONAL,39
3747,ESCRUTINIO,VOTOS BLANCOS,0
3747,ESCRUTINIO,VOTOS NULOS,3
3747,ESCRUTINIO,GRAN TOTAL,207
3747,TREP,DC,0
3747,TREP,PINU,4
3747,TREP,P. LIBERAL,142
3747,TREP,LIBRE,19
3747,TREP,P. NACIONAL,39
3747,TREP,VOTOS BLANCOS,0
3747,TREP,VOTOS NULOS,3
3747,TREP,GRAN TOTAL,207
3752,ESCRUTINIO,DC,0
3752,ESCRUTINIO,PINU,6
3752,ESCRUTINIO,P. LIBERAL,131
3752,ESCRUTINIO,LIBRE,13
3752,ESCRUTINIO,P. NACIONAL,58
3752,ESCRUTINIO,VOTOS BLANCOS,0
3752,ESCRUTINIO,VOTOS NULOS,3
3752,ESCRUTINIO,GRAN TOTAL,211
3752,TREP,DC,0
3752,TREP,PINU,6
3752,TREP,P. LIBERAL,131
3752,TREP,LIBRE,13
3752,TREP,P. NACIONAL,58
3752,TREP,VOTOS BLANCOS,0
3752,TREP,VOTOS NULOS,3
3752,TREP,GRAN TOTAL,211
3753,ESCRUTINIO,DC,0
3753,ESCRUTINIO,PINU,1
3753,ESCRUTINIO,P. LIBERAL,115
3753,ESCRUTINIO,LIBRE,14
3753,ESCRUTINIO,P. NACIONAL,49
3753,ESCRUTINIO,VOTOS BLANCOS,0
3753,ESCRUTINIO,VOTOS NULOS,5
3753,ESCRUTINIO,GRAN TOTAL,184
3753,TREP,DC,0
3753,TREP,PINU,1
3753,TREP,P. LIBERAL,115
3753,TREP,LIBRE,14
3753,TREP,P. NACIONAL,49
3753,TREP,VOTOS BLANCOS,0
3753,TREP,VOTOS NULOS,5
3753,TREP,GRAN TOTAL,184
3764,ESCRUTINIO,DC,0
3764,ESCRUTINIO,PINU,2
3764,ESCRUTINIO,P. LIBERAL,133
3764,ESCRUTINIO,LIBRE,16
3764,ESCRUTINIO,P. NACIONAL,65
3764,ESCRUTINIO,VOTOS BLANCOS,0
3764,ESCRUTINIO,VOTOS NULOS,3
3764,ESCRUTINIO,GRAN TOTAL,219
3764,TREP,DC,0
3764,TREP,PINU,2
3764,TREP,P. LIBERAL,133
3764,TREP,LIBRE,16
3764,TREP,P. NACIONAL,65
3764,TREP,VOTOS BLANCOS,0
3764,TREP,VOTOS NULOS,0
3764,TREP,GRAN TOTAL,216
3914,ESCRUTINIO,DC,2
3914,ESCRUTINIO,PINU,6
3914,ESCRUTINIO,P. LIBERAL,113
3914,ESCRUTINIO,LIBRE,26
3914,ESCRUTINIO,P. NACIONAL,45
3914,ESCRUTINIO,VOTOS BLANCOS,0
3914,ESCRUTINIO,VOTOS NULOS,1
3914,ESCRUTINIO,GRAN TOTAL,193
3914,TREP,DC,2
3914,TREP,PINU,6
3914,TREP,P. LIBERAL,113
3914,TREP,LIBRE,26
3914,TREP,P. NACIONAL,45
3914,TREP,VOTOS BLANCOS,0
3914,TREP,VOTOS NULOS,1
3914,TREP,GRAN TOTAL,193
3917,ESCRUTINIO,DC,0
3917,ESCRUTINIO,PINU,3
3917,ESCRUTINIO,P. LIBERAL,153
3917,ESCRUTINIO,LIBRE,38
3917,ESCRUTINIO,P. NACIONAL,37
3917,ESCRUTINIO,VOTOS BLANCOS,0
3917,ESCRUTINIO,VOTOS NULOS,2
3917,ESCRUTINIO,GRAN TOTAL,233
3917,TREP,DC,0
3917,TREP,PINU,3
3917,TREP,P. LIBERAL,153
3917,TREP,LIBRE,37
3917,TREP,P. NACIONAL,38
3917,TREP,VOTOS BLANCOS,0
3917,TREP,VOTOS NULOS,2
3917,TREP,GRAN TOTAL,233
3919,ESCRUTINIO,DC,0
3919,ESCRUTINIO,PINU,5
3919,ESCRUTINIO,P. LIBERAL,155
3919,ESCRUTINIO,LIBRE,38
3919,ESCRUTINIO,P. NACIONAL,45
3919,ESCRUTINIO,VOTOS BLANCOS,2
3919,ESCRUTINIO,VOTOS NULOS,1
3919,ESCRUTINIO,GRAN TOTAL,246
3919,TREP,DC,0
3919,TREP,PINU,5
3919,TREP,P. LIBERAL,155
3919,TREP,LIBRE,38
3919,TREP,P. NACIONAL,45
3919,TREP,VOTOS BLANCOS,1
3919,TREP,VOTOS NULOS,1
3919,TREP,GRAN TOTAL,245
3978,ESCRUTINIO,DC,1
3978,ESCRUTINIO,PINU,2
3978,ESCRUTINIO,P. LIBERAL,158
3978,ESCRUTINIO,LIBRE,32
3978,ESCRUTINIO,P. NACIONAL,52
3978,ESCRUTINIO,VOTOS BLANCOS,1
3978,ESCRUTINIO,VOTOS NULOS,1
3978,ESCRUTINIO,GRAN TOTAL,247
3978,TREP,DC,1
3978,TREP,PINU,2
3978,TREP,P. LIBERAL,158
3978,TREP,LIBRE,32
3978,TREP,P. NACIONAL,52
3978,TREP,VOTOS BLANCOS,1
3978,TREP,VOTOS NULOS,1
3978,TREP,GRAN TOTAL,247
3980,ESCRUTINIO,DC,0
3980,ESCRUTINIO,PINU,13
3980,ESCRUTINIO,P. LIBERAL,121
3980,ESCRUTINIO,LIBRE,33
3980,ESCRUTINIO,P. NACIONAL,35
3980,ESCRUTINIO,VOTOS BLANCOS,1
3980,ESCRUTINIO,VOTOS NULOS,1
3980,ESCRUTINIO,GRAN TOTAL,204
3980,TREP,DC,0
3980,TREP,PINU,13
3980,TREP,P. LIBERAL,121
3980,TREP,LIBRE,33
3980,TREP,P. NACIONAL,35
3980,TREP,VOTOS BLANCOS,1
3980,TREP,VOTOS NULOS,1
3980,TREP,GRAN TOTAL,204
4828,ESCRUTINIO,DC,0
4828,ESCRUTINIO,PINU,2
4828,ESCRUTINIO,P. LIBERAL,122
4828,ESCRUTINIO,LIBRE,19
4828,ESCRUTINIO,P. NACIONAL,56
4828,ESCRUTINIO,VOTOS BLANCOS,0
4828,ESCRUTINIO,VOTOS NULOS,1
4828,ESCRUTINIO,GRAN TOTAL,200
4828,TREP,DC,0
4828,TREP,PINU,2
4828,TREP,P. LIBERAL,122
4828,TREP,LIBRE,19
4828,TREP,P. NACIONAL,56
4828,TREP,VOTOS BLANCOS,0
4828,TREP,VOTOS NULOS,1
4828,TREP,GRAN TOTAL,200
5350,ESCRUTINIO,DC,1
5350,ESCRUTINIO,PINU,5
5350,ESCRUTINIO,P. LIBERAL,120
5350,ESCRUTINIO,LIBRE,17
5350,ESCRUTINIO,P. NACIONAL,53
5350,ESCRUTINIO,VOTOS BLANCOS,0
5350,ESCRUTINIO,VOTOS NULOS,4
5350,ESCRUTINIO,GRAN TOTAL,200
5350,TREP,DC,1
5350,TREP,PINU,5
5350,TREP,P. LIBERAL,120
5350,TREP,LIBRE,17
5350,TREP,P. NACIONAL,53
5350,TREP,VOTOS BLANCOS,0
5350,TREP,VOTOS NULOS,4
5350,TREP,GRAN TOTAL,200
5426,ESCRUTINIO,DC,1
5426,ESCRUTINIO,PINU,10
5426,ESCRUTINIO,P. LIBERAL,116
5426,ESCRUTINIO,LIBRE,15
5426,ESCRUTINIO,P. NACIONAL,32
5426,ESCRUTINIO,VOTOS BLANCOS,0
5426,ESCRUTINIO,VOTOS NULOS,2
5426,ESCRUTINIO,GRAN TOTAL,176
5426,TREP,DC,1
5426,TREP,PINU,10
5426,TREP,P. LIBERAL,116
5426,TREP,LIBRE,15
5426,TREP,P. NACIONAL,32
5426,TREP,VOTOS BLANCOS,0
5426,TREP,VOTOS NULOS,2
5426,TREP,GRAN TOTAL,176
5441,ESCRUTINIO,DC,0
5441,ESCRUTINIO,PINU,2
5441,ESCRUTINIO,P. LIBERAL,164
5441,ESCRUTINIO,LIBRE,25
5441,ESCRUTINIO,P. NACIONAL,39
5441,ESCRUTINIO,VOTOS BLANCOS,0
5441,ESCRUTINIO,VOTOS NULOS,1
5441,ESCRUTINIO,GRAN TOTAL,231
5441,TREP,DC,0
5441,TREP,PINU,2
5441,TREP,P. LIBERAL,164
5441,TREP,LIBRE,25
5441,TREP,P. NACIONAL,39
5441,TREP,VOTOS BLANCOS,0
5441,TREP,VOTOS NULOS,1
5441,TREP,GRAN TOTAL,231
5442,ESCRUTINIO,DC,0
5442,ESCRUTINIO,PINU,10
5442,ESCRUTINIO,P. LIBERAL,162
5442,ESCRUTINIO,LIBRE,17
5442,ESCRUTINIO,P. NACIONAL,22
5442,ESCRUTINIO,VOTOS BLANCOS,0
5442,ESCRUTINIO,VOTOS NULOS,0
5442,ESCRUTINIO,GRAN TOTAL,211
5442,TREP,DC,0
5442,TREP,PINU,10
5442,TREP,P. LIBERAL,162
5442,TREP,LIBRE,17
5442,TREP,P. NACIONAL,22
5442,TREP,VOTOS BLANCOS,0
5442,TREP,VOTOS NULOS,0
5442,TREP,GRAN TOTAL,211
5445,ESCRUTINIO,DC,0
5445,ESCRUTINIO,PINU,6
5445,ESCRUTINIO,P. LIBERAL,149
5445,ESCRUTINIO,LIBRE,23
5445,ESCRUTINIO,P. NACIONAL,31
5445,ESCRUTINIO,VOTOS BLANCOS,1
5445,ESCRUTINIO,VOTOS NULOS,1
5445,ESCRUTINIO,GRAN TOTAL,211
5445,TREP,DC,0
5445,TREP,PINU,6
5445,TREP,P. LIBERAL,149
5445,TREP,LIBRE,23
5445,TREP,P. NACIONAL,31
5445,TREP,VOTOS BLANCOS,1
5445,TREP,VOTOS NULOS,1
5445,TREP,GRAN TOTAL,211
5446,ESCRUTINIO,DC,0
5446,ESCRUTINIO,PINU,5
5446,ESCRUTINIO,P. LIBERAL,141
5446,ESCRUTINIO,LIBRE,23
5446,ESCRUTINIO,P. NACIONAL,33
5446,ESCRUTINIO,VOTOS BLANCOS,2
5446,ESCRUTINIO,VOTOS NULOS,1
5446,ESCRUTINIO,GRAN TOTAL,205
5446,TREP,DC,0
5446,TREP,PINU,5
5446,TREP,P. LIBERAL,141
5446,TREP,LIBRE,23
5446,TREP,P. NACIONAL,33
5446,TREP,VOTOS BLANCOS,2
5446,TREP,VOTOS NULOS,1
5446,TREP,GRAN TOTAL,205
5448,ESCRUTINIO,DC,0
5448,ESCRUTINIO,PINU,2
5448,ESCRUTINIO,P. LIBERAL,132
5448,ESCRUTINIO,LIBRE,49
5448,ESCRUTINIO,P. NACIONAL,21
5448,ESCRUTINIO,VOTOS BLANCOS,0
5448,ESCRUTINIO,VOTOS NULOS,4
5448,ESCRUTINIO,GRAN TOTAL,208
5448,TREP,DC,0
5448,TREP,PINU,2
5448,TREP,P. LIBERAL,132
5448,TREP,LIBRE,49
5448,TREP,P. NACIONAL,21
5448,TREP,VOTOS BLANCOS,0
5448,TREP,VOTOS NULOS,4
5448,TREP,GRAN TOTAL,208
5449,ESCRUTINIO,DC,0
5449,ESCRUTINIO,PINU,4
5449,ESCRUTINIO,P. LIBERAL,138
5449,ESCRUTINIO,LIBRE,40
5449,ESCRUTINIO,P. NACIONAL,17
5449,ESCRUTINIO,VOTOS BLANCOS,0
5449,ESCRUTINIO,VOTOS NULOS,1
5449,ESCRUTINIO,GRAN TOTAL,200
5449,TREP,DC,0
5449,TREP,PINU,4
5449,TREP,P. LIBERAL,138
5449,TREP,LIBRE,40
5449,TREP,P. NACIONAL,17
5449,TREP,VOTOS BLANCOS,0
5449,TREP,VOTOS NULOS,1
5449,TREP,GRAN TOTAL,200
5450,ESCRUTINIO,DC,1
5450,ESCRUTINIO,PINU,4
5450,ESCRUTINIO,P. LIBERAL,150
5450,ESCRUTINIO,LIBRE,34
5450,ESCRUTINIO,P. NACIONAL,23
5450,ESCRUTINIO,VOTOS BLANCOS,0
5450,ESCRUTINIO,VOTOS NULOS,1
5450,ESCRUTINIO,GRAN TOTAL,213
5450,TREP,DC,1
5450,TREP,PINU,4
5450,TREP,P. LIBERAL,150
5450,TREP,LIBRE,34
5450,TREP,P. NACIONAL,23
5450,TREP,VOTOS BLANCOS,0
5450,TREP,VOTOS NULOS,1
5450,TREP,GRAN TOTAL,213
5451,ESCRUTINIO,DC,1
5451,ESCRUTINIO,PINU,6
5451,ESCRUTINIO,P. LIBERAL,126
5451,ESCRUTINIO,LIBRE,43
5451,ESCRUTINIO,P. NACIONAL,33
5451,ESCRUTINIO,VOTOS BLANCOS,0
5451,ESCRUTINIO,VOTOS NULOS,5
5451,ESCRUTINIO,GRAN TOTAL,214
5451,TREP,DC,1
5451,TREP,PINU,6
5451,TREP,P. LIBERAL,126
5451,TREP,LIBRE,43
5451,TREP,P. NACIONAL,33
5451,TREP,VOTOS BLANCOS,0
5451,TREP,VOTOS NULOS,5
5451,TREP,GRAN TOTAL,214
5452,ESCRUTINIO,DC,0
5452,ESCRUTINIO,PINU,7
5452,ESCRUTINIO,P. LIBERAL,139
5452,ESCRUTINIO,LIBRE,26
5452,ESCRUTINIO,P. NACIONAL,26
5452,ESCRUTINIO,VOTOS BLANCOS,0
5452,ESCRUTINIO,VOTOS NULOS,1
5452,ESCRUTINIO,GRAN TOTAL,199
5452,TREP,DC,0
5452,TREP,PINU,7
5452,TREP,P. LIBERAL,139
5452,TREP,LIBRE,26
5452,TREP,P. NACIONAL,26
5452,TREP,VOTOS BLANCOS,0
5452,TREP,VOTOS NULOS,1
5452,TREP,GRAN TOTAL,199
5453,ESCRUTINIO,DC,1
5453,ESCRUTINIO,PINU,4
5453,ESCRUTINIO,P. LIBERAL,148
5453,ESCRUTINIO,LIBRE,23
5453,ESCRUTINIO,P. NACIONAL,31
5453,ESCRUTINIO,VOTOS BLANCOS,0
5453,ESCRUTINIO,VOTOS NULOS,2
5453,ESCRUTINIO,GRAN TOTAL,209
5453,TREP,DC,1
5453,TREP,PINU,4
5453,TREP,P. LIBERAL,148
5453,TREP,LIBRE,23
5453,TREP,P. NACIONAL,31
5453,TREP,VOTOS BLANCOS,0
5453,TREP,VOTOS NULOS,2
5453,TREP,GRAN TOTAL,209
5456,ESCRUTINIO,DC,0
5456,ESCRUTINIO,PINU,8
5456,ESCRUTINIO,P. LIBERAL,138
5456,ESCRUTINIO,LIBRE,32
5456,ESCRUTINIO,P. NACIONAL,30
5456,ESCRUTINIO,VOTOS BLANCOS,1
5456,ESCRUTINIO,VOTOS NULOS,5
5456,ESCRUTINIO,GRAN TOTAL,214
5456,TREP,DC,0
5456,TREP,PINU,8
5456,TREP,P. LIBERAL,138
5456,TREP,LIBRE,32
5456,TREP,P. NACIONAL,30
5456,TREP,VOTOS BLANCOS,1
5456,TREP,VOTOS NULOS,5
5456,TREP,GRAN TOTAL,214
5457,ESCRUTINIO,DC,1
5457,ESCRUTINIO,PINU,1
5457,ESCRUTINIO,P. LIBERAL,138
5457,ESCRUTINIO,LIBRE,20
5457,ESCRUTINIO,P. NACIONAL,49
5457,ESCRUTINIO,VOTOS BLANCOS,3
5457,ESCRUTINIO,VOTOS NULOS,0
5457,ESCRUTINIO,GRAN TOTAL,212
5457,TREP,DC,1
5457,TREP,PINU,1
5457,TREP,P. LIBERAL,137
5457,TREP,LIBRE,20
5457,TREP,P. NACIONAL,47
5457,TREP,VOTOS BLANCOS,1
5457,TREP,VOTOS NULOS,5
5457,TREP,GRAN TOTAL,212
5542,ESCRUTINIO,DC,3
5542,ESCRUTINIO,PINU,4
5542,ESCRUTINIO,P. LIBERAL,119
5542,ESCRUTINIO,LIBRE,16
5542,ESCRUTINIO,P. NACIONAL,66
5542,ESCRUTINIO,VOTOS BLANCOS,1
5542,ESCRUTINIO,VOTOS NULOS,5
5542,ESCRUTINIO,GRAN TOTAL,214
5542,TREP,DC,3
5542,TREP,PINU,4
5542,TREP,P. LIBERAL,119
5542,TREP,LIBRE,16
5542,TREP,P. NACIONAL,66
5542,TREP,VOTOS BLANCOS,1
5542,TREP,VOTOS NULOS,5
5542,TREP,GRAN TOTAL,214
5605,ESCRUTINIO,DC,0
5605,ESCRUTINIO,PINU,2
5605,ESCRUTINIO,P. LIBERAL,81
5605,ESCRUTINIO,LIBRE,34
5605,ESCRUTINIO,P. NACIONAL,89
5605,ESCRUTINIO,VOTOS BLANCOS,0
5605,ESCRUTINIO,VOTOS NULOS,6
5605,ESCRUTINIO,GRAN TOTAL,212
5605,TREP,DC,0
5605,TREP,PINU,2
5605,TREP,P. LIBERAL,81
5605,TREP,LIBRE,34
5605,TREP,P. NACIONAL,89
5605,TREP,VOTOS BLANCOS,0
5605,TREP,VOTOS NULOS,6
5605,TREP,GRAN TOTAL,212
5783,ESCRUTINIO,DC,1
5783,ESCRUTINIO,PINU,4
5783,ESCRUTINIO,P. LIBERAL,121
5783,ESCRUTINIO,LIBRE,22
5783,ESCRUTINIO,P. NACIONAL,62
5783,ESCRUTINIO,VOTOS BLANCOS,2
5783,ESCRUTINIO,VOTOS NULOS,3
5783,ESCRUTINIO,GRAN TOTAL,215
5783,TREP,DC,1
5783,TREP,PINU,4
5783,TREP,P. LIBERAL,121
5783,TREP,LIBRE,22
5783,TREP,P. NACIONAL,62
5783,TREP,VOTOS BLANCOS,2
5783,TREP,VOTOS NULOS,3
5783,TREP,GRAN TOTAL,215
5928,ESCRUTINIO,DC,1
5928,ESCRUTINIO,PINU,2
5928,ESCRUTINIO,P. LIBERAL,189
5928,ESCRUTINIO,LIBRE,6
5928,ESCRUTINIO,P. NACIONAL,36
5928,ESCRUTINIO,VOTOS BLANCOS,3
5928,ESCRUTINIO,VOTOS NULOS,4
5928,ESCRUTINIO,GRAN TOTAL,241
5928,TREP,DC,1
5928,TREP,PINU,2
5928,TREP,P. LIBERAL,189
5928,TREP,LIBRE,6
5928,TREP,P. NACIONAL,36
5928,TREP,VOTOS BLANCOS,3
5928,TREP,VOTOS NULOS,4
5928,TREP,GRAN TOTAL,241
6433,ESCRUTINIO,DC,0
6433,ESCRUTINIO,PINU,1
6433,ESCRUTINIO,P. LIBERAL,106
6433,ESCRUTINIO,LIBRE,32
6433,ESCRUTINIO,P. NACIONAL,33
6433,ESCRUTINIO,VOTOS BLANCOS,2
6433,ESCRUTINIO,VOTOS NULOS,2
6433,ESCRUTINIO,GRAN TOTAL,176
6433,TREP,DC,0
6433,TREP,PINU,1
6433,TREP,P. LIBERAL,106
6433,TREP,LIBRE,32
6433,TREP,P. NACIONAL,33
6433,TREP,VOTOS BLANCOS,2
6433,TREP,VOTOS NULOS,2
6433,TREP,GRAN TOTAL,176
7012,ESCRUTINIO,DC,0
7012,ESCRUTINIO,PINU,0
7012,ESCRUTINIO,P. LIBERAL,121
7012,ESCRUTINIO,LIBRE,21
7012,ESCRUTINIO,P. NACIONAL,72
7012,ESCRUTINIO,VOTOS BLANCOS,1
7012,ESCRUTINIO,VOTOS NULOS,0
7012,ESCRUTINIO,GRAN TOTAL,215
7012,TREP,DC,0
7012,TREP,PINU,0
7012,TREP,P. LIBERAL,121
7012,TREP,LIBRE,21
7012,TREP,P. NACIONAL,72
7012,TREP,VOTOS BLANCOS,1
7012,TREP,VOTOS NULOS,0
7012,TREP,GRAN TOTAL,215
7041,ESCRUTINIO,DC,0
7041,ESCRUTINIO,PINU,1
7041,ESCRUTINIO,P. LIBERAL,105
7041,ESCRUTINIO,LIBRE,55
7041,ESCRUTINIO,P. NACIONAL,74
7041,ESCRUTINIO,VOTOS BLANCOS,3
7041,ESCRUTINIO,VOTOS NULOS,3
7041,ESCRUTINIO,GRAN TOTAL,241
7041,TREP,DC,0
7041,TREP,PINU,1
7041,TREP,P. LIBERAL,105
7041,TREP,LIBRE,55
7041,TREP,P. NACIONAL,74
7041,TREP,VOTOS BLANCOS,3
7041,TREP,VOTOS NULOS,3
7041,TREP,GRAN TOTAL,241
7042,ESCRUTINIO,DC,0
7042,ESCRUTINIO,PINU,3
7042,ESCRUTINIO,P. LIBERAL,110
7042,ESCRUTINIO,LIBRE,43
7042,ESCRUTINIO,P. NACIONAL,75
7042,ESCRUTINIO,VOTOS BLANCOS,1
7042,ESCRUTINIO,VOTOS NULOS,4
7042,ESCRUTINIO,GRAN TOTAL,236
7042,TREP,DC,0
7042,TREP,PINU,3
7042,TREP,P. LIBERAL,110
7042,TREP,LIBRE,43
7042,TREP,P. NACIONAL,75
7042,TREP,VOTOS BLANCOS,1
7042,TREP,VOTOS NULOS,4
7042,TREP,GRAN TOTAL,236
7061,ESCRUTINIO,DC,0
7061,ESCRUTINIO,PINU,1
7061,ESCRUTINIO,P. LIBERAL,117
7061,ESCRUTINIO,LIBRE,33
7061,ESCRUTINIO,P. NACIONAL,57
7061,ESCRUTINIO,VOTOS BLANCOS,0
7061,ESCRUTINIO,VOTOS NULOS,0
7061,ESCRUTINIO,GRAN TOTAL,208
7061,TREP,DC,0
7061,TREP,PINU,1
7061,TREP,P. LIBERAL,117
7061,TREP,LIBRE,33
7061,TREP,P. NACIONAL,57
7061,TREP,VOTOS BLANCOS,0
7061,TREP,VOTOS NULOS,0
7061,TREP,GRAN TOTAL,208
7107,ESCRUTINIO,DC,0
7107,ESCRUTINIO,PINU,0
7107,ESCRUTINIO,P. LIBERAL,100
7107,ESCRUTINIO,LIBRE,47
7107,ESCRUTINIO,P. NACIONAL,68
7107,ESCRUTINIO,VOTOS BLANCOS,2
7107,ESCRUTINIO,VOTOS NULOS,2
7107,ESCRUTINIO,GRAN TOTAL,219
7107,TREP,DC,0
7107,TREP,PINU,0
7107,TREP,P. LIBERAL,100
7107,TREP,LIBRE,47
7107,TREP,P. NACIONAL,68
7107,TREP,VOTOS BLANCOS,2
7107,TREP,VOTOS NULOS,2
7107,TREP,GRAN TOTAL,219
7217,ESCRUTINIO,DC,0
7217,ESCRUTINIO,PINU,0
7217,ESCRUTINIO,P. LIBERAL,0
7217,ESCRUTINIO,LIBRE,0
7217,ESCRUTINIO,P. NACIONAL,0
7217,ESCRUTINIO,VOTOS BLANCOS,0
7217,ESCRUTINIO,VOTOS NULOS,3
7217,ESCRUTINIO,GRAN TOTAL,3
7217,TREP,DC,0
7217,TREP,PINU,1
7217,TREP,P. LIBERAL,87
7217,TREP,LIBRE,26
7217,TREP,P. NACIONAL,66
7217,TREP,VOTOS BLANCOS,0
7217,TREP,VOTOS NULOS,3
7217,TREP,GRAN TOTAL,183
7966,ESCRUTINIO,DC,0
7966,ESCRUTINIO,PINU,2
7966,ESCRUTINIO,P. LIBERAL,65
7966,ESCRUTINIO,LIBRE,42
7966,ESCRUTINIO,P. NACIONAL,109
7966,ESCRUTINIO,VOTOS BLANCOS,0
7966,ESCRUTINIO,VOTOS NULOS,0
7966,ESCRUTINIO,GRAN TOTAL,218
7966,TREP,DC,0
7966,TREP,PINU,2
7966,TREP,P. LIBERAL,65
7966,TREP,LIBRE,42
7966,TREP,P. NACIONAL,109
7966,TREP,VOTOS BLANCOS,0
7966,TREP,VOTOS NULOS,0
7966,TREP,GRAN TOTAL,218
8726,ESCRUTINIO,DC,0
8726,ESCRUTINIO,PINU,0
8726,ESCRUTINIO,P. LIBERAL,83
8726,ESCRUTINIO,LIBRE,12
8726,ESCRUTINIO,P. NACIONAL,75
8726,ESCRUTINIO,VOTOS BLANCOS,1
8726,ESCRUTINIO,VOTOS NULOS,0
8726,ESCRUTINIO,GRAN TOTAL,171
8726,TREP,DC,0
8726,TREP,PINU,0
8726,TREP,P. LIBERAL,83
8726,TREP,LIBRE,12
8726,TREP,P. NACIONAL,75
8726,TREP,VOTOS BLANCOS,1
8726,TREP,VOTOS NULOS,0
8726,TREP,GRAN TOTAL,171
9266,ESCRUTINIO,DC,0
9266,ESCRUTINIO,PINU,2
9266,ESCRUTINIO,P. LIBERAL,50
9266,ESCRUTINIO,LIBRE,60
9266,ESCRUTINIO,P. NACIONAL,100
9266,ESCRUTINIO,VOTOS BLANCOS,0
9266,ESCRUTINIO,VOTOS NULOS,3
9266,ESCRUTINIO,GRAN TOTAL,215
9266,TREP,DC,0
9266,TREP,PINU,2
9266,TREP,P. LIBERAL,50
9266,TREP,LIBRE,60
9266,TREP,P. NACIONAL,100
9266,TREP,VOTOS BLANCOS,0
9266,TREP,VOTOS NULOS,3
9266,TREP,GRAN TOTAL,215
9356,ESCRUTINIO,DC,1
9356,ESCRUTINIO,PINU,5
9356,ESCRUTINIO,P. LIBERAL,69
9356,ESCRUTINIO,LIBRE,43
9356,ESCRUTINIO,P. NACIONAL,106
9356,ESCRUTINIO,VOTOS BLANCOS,0
9356,ESCRUTINIO,VOTOS NULOS,3
9356,ESCRUTINIO,GRAN TOTAL,227
9356,TREP,DC,1
9356,TREP,PINU,5
9356,TREP,P. LIBERAL,69
9356,TREP,LIBRE,43
9356,TREP,P. NACIONAL,106
9356,TREP,VOTOS BLANCOS,0
9356,TREP,VOTOS NULOS,3
9356,TREP,GRAN TOTAL,227
9357,ESCRUTINIO,DC,0
9357,ESCRUTINIO,PINU,0
9357,ESCRUTINIO,P. LIBERAL,70
9357,ESCRUTINIO,LIBRE,32
9357,ESCRUTINIO,P. NACIONAL,106
9357,ESCRUTINIO,VOTOS BLANCOS,1
9357,ESCRUTINIO,VOTOS NULOS,3
9357,ESCRUTINIO,GRAN TOTAL,212
9357,TREP,DC,0
9357,TREP,PINU,0
9357,TREP,P. LIBERAL,70
9357,TREP,LIBRE,32
9357,TREP,P. NACIONAL,106
9357,TREP,VOTOS BLANCOS,1
9357,TREP,VOTOS NULOS,3
9357,TREP,GRAN TOTAL,212
9551,ESCRUTINIO,DC,1
9551,ESCRUTINIO,PINU,4
9551,ESCRUTINIO,P. LIBERAL,109
9551,ESCRUTINIO,LIBRE,45
9551,ESCRUTINIO,P. NACIONAL,62
9551,ESCRUTINIO,VOTOS BLANCOS,0
9551,ESCRUTINIO,VOTOS NULOS,3
9551,ESCRUTINIO,GRAN TOTAL,224
9551,TREP,DC,1
9551,TREP,PINU,4
9551,TREP,P. LIBERAL,109
9551,TREP,LIBRE,45
9551,TREP,P. NACIONAL,62
9551,TREP,VOTOS BLANCOS,0
9551,TREP,VOTOS NULOS,3
9551,TREP,GRAN TOTAL,224
9700,ESCRUTINIO,DC,0
9700,ESCRUTINIO,PINU,2
9700,ESCRUTINIO,P. LIBERAL,88
9700,ESCRUTINIO,LIBRE,39
9700,ESCRUTINIO,P. NACIONAL,114
9700,ESCRUTINIO,VOTOS BLANCOS,0
9700,ESCRUTINIO,VOTOS NULOS,4
9700,ESCRUTINIO,GRAN TOTAL,247
9700,TREP,DC,0
9700,TREP,PINU,2
9700,TREP,P. LIBERAL,88
9700,TREP,LIBRE,39
9700,TREP,P. NACIONAL,114
9700,TREP,VOTOS BLANCOS,0
9700,TREP,VOTOS NULOS,4
9700,TREP,GRAN TOTAL,247
9890,ESCRUTINIO,DC,1
9890,ESCRUTINIO,PINU,5
9890,ESCRUTINIO,P. LIBERAL,75
9890,ESCRUTINIO,LIBRE,71
9890,ESCRUTINIO,P. NACIONAL,81
9890,ESCRUTINIO,VOTOS BLANCOS,4
9890,ESCRUTINIO,VOTOS NULOS,2
9890,ESCRUTINIO,GRAN TOTAL,239
9890,TREP,DC,1
9890,TREP,PINU,5
9890,TREP,P. LIBERAL,75
9890,TREP,LIBRE,71
9890,TREP,P. NACIONAL,81
9890,TREP,VOTOS BLANCOS,4
9890,TREP,VOTOS NULOS,2
9890,TREP,GRAN TOTAL,239
9930,ESCRUTINIO,DC,0
9930,ESCRUTINIO,PINU,4
9930,ESCRUTINIO,P. LIBERAL,55
9930,ESCRUTINIO,LIBRE,35
9930,ESCRUTINIO,P. NACIONAL,88
9930,ESCRUTINIO,VOTOS BLANCOS,1
9930,ESCRUTINIO,VOTOS NULOS,4
9930,ESCRUTINIO,GRAN TOTAL,187
9930,TREP,DC,0
9930,TREP,PINU,4
9930,TREP,P. LIBERAL,55
9930,TREP,LIBRE,35
9930,TREP,P. NACIONAL,88
9930,TREP,VOTOS BLANCOS,1
9930,TREP,VOTOS NULOS,4
9930,TREP,GRAN TOTAL,187
9947,ESCRUTINIO,DC,1
9947,ESCRUTINIO,PINU,1
9947,ESCRUTINIO,P. LIBERAL,110
9947,ESCRUTINIO,LIBRE,44
9947,ESCRUTINIO,P. NACIONAL,74
9947,ESCRUTINIO,VOTOS BLANCOS,0
9947,ESCRUTINIO,VOTOS NULOS,1
9947,ESCRUTINIO,GRAN TOTAL,231
9947,TREP,DC,1
9947,TREP,PINU,1
9947,TREP,P. LIBERAL,110
9947,TREP,LIBRE,44
9947,TREP,P. NACIONAL,72
9947,TREP,VOTOS BLANCOS,0
9947,TREP,VOTOS NULOS,1
9947,TREP,GRAN TOTAL,229
9984,ESCRUTINIO,DC,0
9984,ESCRUTINIO,PINU,0
9984,ESCRUTINIO,P. LIBERAL,0
9984,ESCRUTINIO,LIBRE,0
9984,ESCRUTINIO,P. NACIONAL,0
9984,ESCRUTINIO,VOTOS BLANCOS,0
9984,ESCRUTINIO,VOTOS NULOS,0
9984,ESCRUTINIO,GRAN TOTAL,0
9984,TREP,DC,0
9984,TREP,PINU,2
9984,TREP,P. LIBERAL,65
9984,TREP,LIBRE,60
9984,TREP,P. NACIONAL,99
9984,TREP,VOTOS BLANCOS,0
9984,TREP,VOTOS NULOS,4
9984,TREP,GRAN TOTAL,230
10013,ESCRUTINIO,DC,0
10013,ESCRUTINIO,PINU,5
10013,ESCRUTINIO,P. LIBERAL,83
10013,ESCRUTINIO,LIBRE,48
10013,ESCRUTINIO,P. NACIONAL,95
10013,ESCRUTINIO,VOTOS BLANCOS,0
10013,ESCRUTINIO,VOTOS NULOS,4
10013,ESCRUTINIO,GRAN TOTAL,235
10013,TREP,DC,0
10013,TREP,PINU,5
10013,TREP,P. LIBERAL,83
10013,TREP,LIBRE,48
10013,TREP,P. NACIONAL,95
10013,TREP,VOTOS BLANCOS,0
10013,TREP,VOTOS NULOS,4
10013,TREP,GRAN TOTAL,235
10103,ESCRUTINIO,DC,0
10103,ESCRUTINIO,PINU,7
10103,ESCRUTINIO,P. LIBERAL,124
10103,ESCRUTINIO,LIBRE,28
10103,ESCRUTINIO,P. NACIONAL,95
10103,ESCRUTINIO,VOTOS BLANCOS,0
10103,ESCRUTINIO,VOTOS NULOS,3
10103,ESCRUTINIO,GRAN TOTAL,257
10103,TREP,DC,0
10103,TREP,PINU,7
10103,TREP,P. LIBERAL,124
10103,TREP,LIBRE,28
10103,TREP,P. NACIONAL,95
10103,TREP,VOTOS BLANCOS,0
10103,TREP,VOTOS NULOS,3
10103,TREP,GRAN TOTAL,257
10151,ESCRUTINIO,DC,0
10151,ESCRUTINIO,PINU,1
10151,ESCRUTINIO,P. LIBERAL,81
10151,ESCRUTINIO,LIBRE,54
10151,ESCRUTINIO,P. NACIONAL,69
10151,ESCRUTINIO,VOTOS BLANCOS,0
10151,ESCRUTINIO,VOTOS NULOS,1
10151,ESCRUTINIO,GRAN TOTAL,206
10151,TREP,DC,0
10151,TREP,PINU,1
10151,TREP,P. LIBERAL,81
10151,TREP,LIBRE,54
10151,TREP,P. NACIONAL,69
10151,TREP,VOTOS BLANCOS,0
10151,TREP,VOTOS NULOS,1
10151,TREP,GRAN TOTAL,206
10314,ESCRUTINIO,DC,0
10314,ESCRUTINIO,PINU,3
10314,ESCRUTINIO,P. LIBERAL,121
10314,ESCRUTINIO,LIBRE,44
10314,ESCRUTINIO,P. NACIONAL,74
10314,ESCRUTINIO,VOTOS BLANCOS,1
10314,ESCRUTINIO,VOTOS NULOS,2
10314,ESCRUTINIO,GRAN TOTAL,245
10314,TREP,DC,0
10314,TREP,PINU,3
10314,TREP,P. LIBERAL,121
10314,TREP,LIBRE,44
10314,TREP,P. NACIONAL,74
10314,TREP,VOTOS BLANCOS,1
10314,TREP,VOTOS NULOS,1
10314,TREP,GRAN TOTAL,244
10354,ESCRUTINIO,DC,0
10354,ESCRUTINIO,PINU,0
10354,ESCRUTINIO,P. LIBERAL,65
10354,ESCRUTINIO,LIBRE,43
10354,ESCRUTINIO,P. NACIONAL,148
10354,ESCRUTINIO,VOTOS BLANCOS,1
10354,ESCRUTINIO,VOTOS NULOS,6
10354,ESCRUTINIO,GRAN TOTAL,263
10354,TREP,DC,0
10354,TREP,PINU,0
10354,TREP,P. LIBERAL,65
10354,TREP,LIBRE,43
10354,TREP,P. NACIONAL,148
10354,TREP,VOTOS BLANCOS,1
10354,TREP,VOTOS NULOS,6
10354,TREP,GRAN TOTAL,263
10539,ESCRUTINIO,DC,0
10539,ESCRUTINIO,PINU,6
10539,ESCRUTINIO,P. LIBERAL,68
10539,ESCRUTINIO,LIBRE,80
10539,ESCRUTINIO,P. NACIONAL,71
10539,ESCRUTINIO,VOTOS BLANCOS,0
10539,ESCRUTINIO,VOTOS NULOS,2
10539,ESCRUTINIO,GRAN TOTAL,227
10539,TREP,DC,0
10539,TREP,PINU,6
10539,TREP,P. LIBERAL,68
10539,TREP,LIBRE,80
10539,TREP,P. NACIONAL,71
10539,TREP,VOTOS BLANCOS,0
10539,TREP,VOTOS NULOS,2
10539,TREP,GRAN TOTAL,227
10572,ESCRUTINIO,DC,0
10572,ESCRUTINIO,PINU,4
10572,ESCRUTINIO,P. LIBERAL,138
10572,ESCRUTINIO,LIBRE,26
10572,ESCRUTINIO,P. NACIONAL,66
10572,ESCRUTINIO,VOTOS BLANCOS,0
10572,ESCRUTINIO,VOTOS NULOS,0
10572,ESCRUTINIO,GRAN TOTAL,234
10572,TREP,DC,0
10572,TREP,PINU,4
10572,TREP,P. LIBERAL,138
10572,TREP,LIBRE,26
10572,TREP,P. NACIONAL,66
10572,TREP,VOTOS BLANCOS,0
10572,TREP,VOTOS NULOS,0
10572,TREP,GRAN TOTAL,234
10629,ESCRUTINIO,DC,0
10629,ESCRUTINIO,PINU,12
10629,ESCRUTINIO,P. LIBERAL,90
10629,ESCRUTINIO,LIBRE,64
10629,ESCRUTINIO,P. NACIONAL,101
10629,ESCRUTINIO,VOTOS BLANCOS,0
10629,ESCRUTINIO,VOTOS NULOS,4
10629,ESCRUTINIO,GRAN TOTAL,271
10629,TREP,DC,0
10629,TREP,PINU,12
10629,TREP,P. LIBERAL,90
10629,TREP,LIBRE,64
10629,TREP,P. NACIONAL,101
10629,TREP,VOTOS BLANCOS,0
10629,TREP,VOTOS NULOS,4
10629,TREP,GRAN TOTAL,271
10645,ESCRUTINIO,DC,0
10645,ESCRUTINIO,PINU,7
10645,ESCRUTINIO,P. LIBERAL,82
10645,ESCRUTINIO,LIBRE,52
10645,ESCRUTINIO,P. NACIONAL,81
10645,ESCRUTINIO,VOTOS BLANCOS,0
10645,ESCRUTINIO,VOTOS NULOS,1
10645,ESCRUTINIO,GRAN TOTAL,223
10645,TREP,DC,0
10645,TREP,PINU,7
10645,TREP,P. LIBERAL,82
10645,TREP,LIBRE,52
10645,TREP,P. NACIONAL,81
10645,TREP,VOTOS BLANCOS,0
10645,TREP,VOTOS NULOS,1
10645,TREP,GRAN TOTAL,223
10666,ESCRUTINIO,DC,0
10666,ESCRUTINIO,PINU,15
10666,ESCRUTINIO,P. LIBERAL,118
10666,ESCRUTINIO,LIBRE,43
10666,ESCRUTINIO,P. NACIONAL,74
10666,ESCRUTINIO,VOTOS BLANCOS,0
10666,ESCRUTINIO,VOTOS NULOS,2
10666,ESCRUTINIO,GRAN TOTAL,252
10666,TREP,DC,0
10666,TREP,PINU,15
10666,TREP,P. LIBERAL,118
10666,TREP,LIBRE,43
10666,TREP,P. NACIONAL,74
10666,TREP,VOTOS BLANCOS,0
10666,TREP,VOTOS NULOS,2
10666,TREP,GRAN TOTAL,252
10708,ESCRUTINIO,DC,0
10708,ESCRUTINIO,PINU,11
10708,ESCRUTINIO,P. LIBERAL,122
10708,ESCRUTINIO,LIBRE,37
10708,ESCRUTINIO,P. NACIONAL,94
10708,ESCRUTINIO,VOTOS BLANCOS,0
10708,ESCRUTINIO,VOTOS NULOS,3
10708,ESCRUTINIO,GRAN TOTAL,267
10708,TREP,DC,0
10708,TREP,PINU,11
10708,TREP,P. LIBERAL,122
10708,TREP,LIBRE,37
10708,TREP,P. NACIONAL,94
10708,TREP,VOTOS BLANCOS,0
10708,TREP,VOTOS NULOS,3
10708,TREP,GRAN TOTAL,267
10709,ESCRUTINIO,DC,0
10709,ESCRUTINIO,PINU,8
10709,ESCRUTINIO,P. LIBERAL,123
10709,ESCRUTINIO,LIBRE,33
10709,ESCRUTINIO,P. NACIONAL,80
10709,ESCRUTINIO,VOTOS BLANCOS,0
10709,ESCRUTINIO,VOTOS NULOS,3
10709,ESCRUTINIO,GRAN TOTAL,247
10709,TREP,DC,0
10709,TREP,PINU,8
10709,TREP,P. LIBERAL,123
10709,TREP,LIBRE,33
10709,TREP,P. NACIONAL,80
10709,TREP,VOTOS BLANCOS,0
10709,TREP,VOTOS NULOS,3
10709,TREP,GRAN TOTAL,247
10936,ESCRUTINIO,DC,0
10936,ESCRUTINIO,PINU,2
10936,ESCRUTINIO,P. LIBERAL,92
10936,ESCRUTINIO,LIBRE,26
10936,ESCRUTINIO,P. NACIONAL,73
10936,ESCRUTINIO,VOTOS BLANCOS,2
10936,ESCRUTINIO,VOTOS NULOS,1
10936,ESCRUTINIO,GRAN TOTAL,196
10936,TREP,DC,0
10936,TREP,PINU,2
10936,TREP,P. LIBERAL,92
10936,TREP,LIBRE,26
10936,TREP,P. NACIONAL,73
10936,TREP,VOTOS BLANCOS,2
10936,TREP,VOTOS NULOS,1
10936,TREP,GRAN TOTAL,196
10953,ESCRUTINIO,DC,4
10953,ESCRUTINIO,PINU,5
10953,ESCRUTINIO,P. LIBERAL,72
10953,ESCRUTINIO,LIBRE,33
10953,ESCRUTINIO,P. NACIONAL,114
10953,ESCRUTINIO,VOTOS BLANCOS,0
10953,ESCRUTINIO,VOTOS NULOS,4
10953,ESCRUTINIO,GRAN TOTAL,232
10953,TREP,DC,4
10953,TREP,PINU,5
10953,TREP,P. LIBERAL,72
10953,TREP,LIBRE,33
10953,TREP,P. NACIONAL,114
10953,TREP,VOTOS BLANCOS,0
10953,TREP,VOTOS NULOS,4
10953,TREP,GRAN TOTAL,232
11049,ESCRUTINIO,DC,0
11049,ESCRUTINIO,PINU,4
11049,ESCRUTINIO,P. LIBERAL,70
11049,ESCRUTINIO,LIBRE,41
11049,ESCRUTINIO,P. NACIONAL,113
11049,ESCRUTINIO,VOTOS BLANCOS,0
11049,ESCRUTINIO,VOTOS NULOS,2
11049,ESCRUTINIO,GRAN TOTAL,230
11049,TREP,DC,0
11049,TREP,PINU,4
11049,TREP,P. LIBERAL,70
11049,TREP,LIBRE,41
11049,TREP,P. NACIONAL,113
11049,TREP,VOTOS BLANCOS,0
11049,TREP,VOTOS NULOS,2
11049,TREP,GRAN TOTAL,230
11058,ESCRUTINIO,DC,0
11058,ESCRUTINIO,PINU,5
11058,ESCRUTINIO,P. LIBERAL,74
11058,ESCRUTINIO,LIBRE,63
11058,ESCRUTINIO,P. NACIONAL,96
11058,ESCRUTINIO,VOTOS BLANCOS,1
11058,ESCRUTINIO,VOTOS NULOS,3
11058,ESCRUTINIO,GRAN TOTAL,242
11058,TREP,DC,0
11058,TREP,PINU,5
11058,TREP,P. LIBERAL,74
11058,TREP,LIBRE,63
11058,TREP,P. NACIONAL,96
11058,TREP,VOTOS BLANCOS,1
11058,TREP,VOTOS NULOS,3
11058,TREP,GRAN TOTAL,242
11060,ESCRUTINIO,DC,0
11060,ESCRUTINIO,PINU,3
11060,ESCRUTINIO,P. LIBERAL,92
11060,ESCRUTINIO,LIBRE,54
11060,ESCRUTINIO,P. NACIONAL,81
11060,ESCRUTINIO,VOTOS BLANCOS,0
11060,ESCRUTINIO,VOTOS NULOS,21
11060,ESCRUTINIO,GRAN TOTAL,251
11060,TREP,DC,0
11060,TREP,PINU,3
11060,TREP,P. LIBERAL,92
11060,TREP,LIBRE,54
11060,TREP,P. NACIONAL,81
11060,TREP,VOTOS BLANCOS,0
11060,TREP,VOTOS NULOS,21
11060,TREP,GRAN TOTAL,251
11272,ESCRUTINIO,DC,0
11272,ESCRUTINIO,PINU,2
11272,ESCRUTINIO,P. LIBERAL,55
11272,ESCRUTINIO,LIBRE,27
11272,ESCRUTINIO,P. NACIONAL,87
11272,ESCRUTINIO,VOTOS BLANCOS,0
11272,ESCRUTINIO,VOTOS NULOS,7
11272,ESCRUTINIO,GRAN TOTAL,178
11272,TREP,DC,0
11272,TREP,PINU,2
11272,TREP,P. LIBERAL,55
11272,TREP,LIBRE,27
11272,TREP,P. NACIONAL,87
11272,TREP,VOTOS BLANCOS,0
11272,TREP,VOTOS NULOS,7
11272,TREP,GRAN TOTAL,178
11347,ESCRUTINIO,DC,1
11347,ESCRUTINIO,PINU,2
11347,ESCRUTINIO,P. LIBERAL,78
11347,ESCRUTINIO,LIBRE,35
11347,ESCRUTINIO,P. NACIONAL,127
11347,ESCRUTINIO,VOTOS BLANCOS,1
11347,ESCRUTINIO,VOTOS NULOS,3
11347,ESCRUTINIO,GRAN TOTAL,247
11347,TREP,DC,1
11347,TREP,PINU,2
11347,TREP,P. LIBERAL,78
11347,TREP,LIBRE,35
11347,TREP,P. NACIONAL,127
11347,TREP,VOTOS BLANCOS,1
11347,TREP,VOTOS NULOS,3
11347,TREP,GRAN TOTAL,247
11598,ESCRUTINIO,DC,0
11598,ESCRUTINIO,PINU,2
11598,ESCRUTINIO,P. LIBERAL,63
11598,ESCRUTINIO,LIBRE,29
11598,ESCRUTINIO,P. NACIONAL,93
11598,ESCRUTINIO,VOTOS BLANCOS,0
11598,ESCRUTINIO,VOTOS NULOS,1
11598,ESCRUTINIO,GRAN TOTAL,188
11598,TREP,DC,0
11598,TREP,PINU,2
11598,TREP,P. LIBERAL,63
11598,TREP,LIBRE,29
11598,TREP,P. NACIONAL,93
11598,TREP,VOTOS BLANCOS,0
11598,TREP,VOTOS NULOS,1
11598,TREP,GRAN TOTAL,188
12318,ESCRUTINIO,DC,1
12318,ESCRUTINIO,PINU,5
12318,ESCRUTINIO,P. LIBERAL,88
12318,ESCRUTINIO,LIBRE,62
12318,ESCRUTINIO,P. NACIONAL,80
12318,ESCRUTINIO,VOTOS BLANCOS,1
12318,ESCRUTINIO,VOTOS NULOS,4
12318,ESCRUTINIO,GRAN TOTAL,241
12318,TREP,DC,1
12318,TREP,PINU,5
12318,TREP,P. LIBERAL,88
12318,TREP,LIBRE,62
12318,TREP,P. NACIONAL,80
12318,TREP,VOTOS BLANCOS,1
12318,TREP,VOTOS NULOS,4
12318,TREP,GRAN TOTAL,241
12319,ESCRUTINIO,DC,1
12319,ESCRUTINIO,PINU,2
12319,ESCRUTINIO,P. LIBERAL,109
12319,ESCRUTINIO,LIBRE,37
12319,ESCRUTINIO,P. NACIONAL,87
12319,ESCRUTINIO,VOTOS BLANCOS,1
12319,ESCRUTINIO,VOTOS NULOS,5
12319,ESCRUTINIO,GRAN TOTAL,242
12319,TREP,DC,1
12319,TREP,PINU,2
12319,TREP,P. LIBERAL,109
12319,TREP,LIBRE,37
12319,TREP,P. NACIONAL,87
12319,TREP,VOTOS BLANCOS,1
12319,TREP,VOTOS NULOS,5
12319,TREP,GRAN TOTAL,242
12476,ESCRUTINIO,DC,0
12476,ESCRUTINIO,PINU,1
12476,ESCRUTINIO,P. LIBERAL,103
12476,ESCRUTINIO,LIBRE,48
12476,ESCRUTINIO,P. NACIONAL,91
12476,ESCRUTINIO,VOTOS BLANCOS,0
12476,ESCRUTINIO,VOTOS NULOS,4
12476,ESCRUTINIO,GRAN TOTAL,247
12476,TREP,DC,0
12476,TREP,PINU,1
12476,TREP,P. LIBERAL,101
12476,TREP,LIBRE,47
12476,TREP,P. NACIONAL,91
12476,TREP,VOTOS BLANCOS,1
12476,TREP,VOTOS NULOS,7
12476,TREP,GRAN TOTAL,248
12533,ESCRUTINIO,DC,1
12533,ESCRUTINIO,PINU,0
12533,ESCRUTINIO,P. LIBERAL,83
12533,ESCRUTINIO,LIBRE,52
12533,ESCRUTINIO,P. NACIONAL,88
12533,ESCRUTINIO,VOTOS BLANCOS,5
12533,ESCRUTINIO,VOTOS NULOS,6
12533,ESCRUTINIO,GRAN TOTAL,235
12533,TREP,DC,1
12533,TREP,PINU,0
12533,TREP,P. LIBERAL,83
12533,TREP,LIBRE,52
12533,TREP,P. NACIONAL,88
12533,TREP,VOTOS BLANCOS,5
12533,TREP,VOTOS NULOS,6
12533,TREP,GRAN TOTAL,235
13324,ESCRUTINIO,DC,0
13324,ESCRUTINIO,PINU,2
13324,ESCRUTINIO,P. LIBERAL,97
13324,ESCRUTINIO,LIBRE,17
13324,ESCRUTINIO,P. NACIONAL,55
13324,ESCRUTINIO,VOTOS BLANCOS,0
13324,ESCRUTINIO,VOTOS NULOS,2
13324,ESCRUTINIO,GRAN TOTAL,173
13324,TREP,DC,0
13324,TREP,PINU,2
13324,TREP,P. LIBERAL,97
13324,TREP,LIBRE,17
13324,TREP,P. NACIONAL,55
13324,TREP,VOTOS BLANCOS,0
13324,TREP,VOTOS NULOS,2
13324,TREP,GRAN TOTAL,173
13393,ESCRUTINIO,DC,0
13393,ESCRUTINIO,PINU,1
13393,ESCRUTINIO,P. LIBERAL,90
13393,ESCRUTINIO,LIBRE,14
13393,ESCRUTINIO,P. NACIONAL,38
13393,ESCRUTINIO,VOTOS BLANCOS,1
13393,ESCRUTINIO,VOTOS NULOS,0
13393,ESCRUTINIO,GRAN TOTAL,144
13393,TREP,DC,0
13393,TREP,PINU,1
13393,TREP,P. LIBERAL,90
13393,TREP,LIBRE,14
13393,TREP,P. NACIONAL,38
13393,TREP,VOTOS BLANCOS,1
13393,TREP,VOTOS NULOS,0
13393,TREP,GRAN TOTAL,144
13395,ESCRUTINIO,DC,0
13395,ESCRUTINIO,PINU,2
13395,ESCRUTINIO,P. LIBERAL,93
13395,ESCRUTINIO,LIBRE,19
13395,ESCRUTINIO,P. NACIONAL,40
13395,ESCRUTINIO,VOTOS BLANCOS,0
13395,ESCRUTINIO,VOTOS NULOS,1
13395,ESCRUTINIO,GRAN TOTAL,155
13395,TREP,DC,0
13395,TREP,PINU,2
13395,TREP,P. LIBERAL,93
13395,TREP,LIBRE,19
13395,TREP,P. NACIONAL,40
13395,TREP,VOTOS BLANCOS,0
13395,TREP,VOTOS NULOS,1
13395,TREP,GRAN TOTAL,155
13404,ESCRUTINIO,DC,0
13404,ESCRUTINIO,PINU,2
13404,ESCRUTINIO,P. LIBERAL,103
13404,ESCRUTINIO,LIBRE,9
13404,ESCRUTINIO,P. NACIONAL,38
13404,ESCRUTINIO,VOTOS BLANCOS,4
13404,ESCRUTINIO,VOTOS NULOS,0
13404,ESCRUTINIO,GRAN TOTAL,156
13404,TREP,DC,0
13404,TREP,PINU,2
13404,TREP,P. LIBERAL,103
13404,TREP,LIBRE,9
13404,TREP,P. NACIONAL,38
13404,TREP,VOTOS BLANCOS,4
13404,TREP,VOTOS NULOS,0
13404,TREP,GRAN TOTAL,156
13480,ESCRUTINIO,DC,1
13480,ESCRUTINIO,PINU,3
13480,ESCRUTINIO,P. LIBERAL,108
13480,ESCRUTINIO,LIBRE,67
13480,ESCRUTINIO,P. NACIONAL,52
13480,ESCRUTINIO,VOTOS BLANCOS,3
13480,ESCRUTINIO,VOTOS NULOS,3
13480,ESCRUTINIO,GRAN TOTAL,237
13480,TREP,DC,1
13480,TREP,PINU,3
13480,TREP,P. LIBERAL,108
13480,TREP,LIBRE,67
13480,TREP,P. NACIONAL,52
13480,TREP,VOTOS BLANCOS,3
13480,TREP,VOTOS NULOS,3
13480,TREP,GRAN TOTAL,237
15528,ESCRUTINIO,DC,1
15528,ESCRUTINIO,PINU,1
15528,ESCRUTINIO,P. LIBERAL,59
15528,ESCRUTINIO,LIBRE,48
15528,ESCRUTINIO,P. NACIONAL,66
15528,ESCRUTINIO,VOTOS BLANCOS,0
15528,ESCRUTINIO,VOTOS NULOS,1
15528,ESCRUTINIO,GRAN TOTAL,176
15528,TREP,DC,1
15528,TREP,PINU,1
15528,TREP,P. LIBERAL,59
15528,TREP,LIBRE,48
15528,TREP,P. NACIONAL,66
15528,TREP,VOTOS BLANCOS,0
15528,TREP,VOTOS NULOS,1
15528,TREP,GRAN TOTAL,176
16628,ESCRUTINIO,DC,0
16628,ESCRUTINIO,PINU,0
16628,ESCRUTINIO,P. LIBERAL,39
16628,ESCRUTINIO,LIBRE,104
16628,ESCRUTINIO,P. NACIONAL,82
16628,ESCRUTINIO,VOTOS BLANCOS,1
16628,ESCRUTINIO,VOTOS NULOS,2
16628,ESCRUTINIO,GRAN TOTAL,228
16628,TREP,DC,0
16628,TREP,PINU,0
16628,TREP,P. LIBERAL,39
16628,TREP,LIBRE,103
16628,TREP,P. NACIONAL,81
16628,TREP,VOTOS BLANCOS,2
16628,TREP,VOTOS NULOS,3
16628,TREP,GRAN TOTAL,228
16740,ESCRUTINIO,DC,0
16740,ESCRUTINIO,PINU,0
16740,ESCRUTINIO,P. LIBERAL,81
16740,ESCRUTINIO,LIBRE,64
16740,ESCRUTINIO,P. NACIONAL,69
16740,ESCRUTINIO,VOTOS BLANCOS,0
16740,ESCRUTINIO,VOTOS NULOS,5
16740,ESCRUTINIO,GRAN TOTAL,219
16740,TREP,DC,0
16740,TREP,PINU,0
16740,TREP,P. LIBERAL,81
16740,TREP,LIBRE,64
16740,TREP,P. NACIONAL,69
16740,TREP,VOTOS BLANCOS,0
16740,TREP,VOTOS NULOS,5
16740,TREP,GRAN TOTAL,219
16824,ESCRUTINIO,DC,0
16824,ESCRUTINIO,PINU,0
16824,ESCRUTINIO,P. LIBERAL,33
16824,ESCRUTINIO,LIBRE,87
16824,ESCRUTINIO,P. NACIONAL,100
16824,ESCRUTINIO,VOTOS BLANCOS,5
16824,ESCRUTINIO,VOTOS NULOS,2
16824,ESCRUTINIO,GRAN TOTAL,227
16824,TREP,DC,0
16824,TREP,PINU,0
16824,TREP,P. LIBERAL,33
16824,TREP,LIBRE,87
16824,TREP,P. NACIONAL,100
16824,TREP,VOTOS BLANCOS,5
16824,TREP,VOTOS NULOS,2
16824,TREP,GRAN TOTAL,227
16830,ESCRUTINIO,DC,0
16830,ESCRUTINIO,PINU,0
16830,ESCRUTINIO,P. LIBERAL,34
16830,ESCRUTINIO,LIBRE,116
16830,ESCRUTINIO,P. NACIONAL,97
16830,ESCRUTINIO,VOTOS BLANCOS,3
16830,ESCRUTINIO,VOTOS NULOS,3
16830,ESCRUTINIO,GRAN TOTAL,253
16830,TREP,DC,0
16830,TREP,PINU,0
16830,TREP,P. LIBERAL,34
16830,TREP,LIBRE,116
16830,TREP,P. NACIONAL,97
16830,TREP,VOTOS BLANCOS,3
16830,TREP,VOTOS NULOS,3
16830,TREP,GRAN TOTAL,253
17385,ESCRUTINIO,DC,2
17385,ESCRUTINIO,PINU,0
17385,ESCRUTINIO,P. LIBERAL,48
17385,ESCRUTINIO,LIBRE,25
17385,ESCRUTINIO,P. NACIONAL,64
17385,ESCRUTINIO,VOTOS BLANCOS,1
17385,ESCRUTINIO,VOTOS NULOS,5
17385,ESCRUTINIO,GRAN TOTAL,145
17385,TREP,DC,2
17385,TREP,PINU,0
17385,TREP,P. LIBERAL,48
17385,TREP,LIBRE,25
17385,TREP,P. NACIONAL,64
17385,TREP,VOTOS BLANCOS,1
17385,TREP,VOTOS NULOS,5
17385,TREP,GRAN TOTAL,145
18192,ESCRUTINIO,DC,0
18192,ESCRUTINIO,PINU,4
18192,ESCRUTINIO,P. LIBERAL,131
18192,ESCRUTINIO,LIBRE,26
18192,ESCRUTINIO,P. NACIONAL,37
18192,ESCRUTINIO,VOTOS BLANCOS,0
18192,ESCRUTINIO,VOTOS NULOS,0
18192,ESCRUTINIO,GRAN TOTAL,198
18192,TREP,DC,0
18192,TREP,PINU,4
18192,TREP,P. LIBERAL,131
18192,TREP,LIBRE,26
18192,TREP,P. NACIONAL,37
18192,TREP,VOTOS BLANCOS,0
18192,TREP,VOTOS NULOS,0
18192,TREP,GRAN TOTAL,198
18268,ESCRUTINIO,DC,0
18268,ESCRUTINIO,PINU,4
18268,ESCRUTINIO,P. LIBERAL,131
18268,ESCRUTINIO,LIBRE,39
18268,ESCRUTINIO,P. NACIONAL,41
18268,ESCRUTINIO,VOTOS BLANCOS,0
18268,ESCRUTINIO,VOTOS NULOS,0
18268,ESCRUTINIO,GRAN TOTAL,215
18268,TREP,DC,0
18268,TREP,PINU,4
18268,TREP,P. LIBERAL,131
18268,TREP,LIBRE,39
18268,TREP,P. NACIONAL,41
18268,TREP,VOTOS BLANCOS,0
18268,TREP,VOTOS NULOS,0
18268,TREP,GRAN TOTAL,215
18543,ESCRUTINIO,DC,2
18543,ESCRUTINIO,PINU,2
18543,ESCRUTINIO,P. LIBERAL,123
18543,ESCRUTINIO,LIBRE,44
18543,ESCRUTINIO,P. NACIONAL,32
18543,ESCRUTINIO,VOTOS BLANCOS,1
18543,ESCRUTINIO,VOTOS NULOS,2
18543,ESCRUTINIO,GRAN TOTAL,206
18543,TREP,DC,2
18543,TREP,PINU,2
18543,TREP,P. LIBERAL,123
18543,TREP,LIBRE,44
18543,TREP,P. NACIONAL,32
18543,TREP,VOTOS BLANCOS,2
18543,TREP,VOTOS NULOS,1
18543,TREP,GRAN TOTAL,206
